{"cameraMode":{"drawMode":0,"name":"Shaded","section":"Shading Mode"},"sceneLighting":true,"audioPlay":false,"sceneViewState":{"m_AlwaysRefresh":false,"showFog":true,"showSkybox":false,"showFlares":true,"showImageEffects":true,"showParticleSystems":true,"showVisualEffectGraphs":true,"m_FxEnabled":false},"in2DMode":false,"pivot":{"x":0.31112030148506167,"y":2.600518226623535,"z":1.7523589134216309},"rotation":{"x":0.48632243275642397,"y":-0.007863935083150864,"z":0.004376967903226614,"w":0.8737339973449707},"size":5.379526138305664,"orthographic":false}